ds,y,y_predicted
2015-11-04 00:00:00,13,9
2015-11-04 00:05:00,11,8
2015-11-04 00:10:00,18,8
2015-11-04 00:15:00,16,8
2015-11-04 00:20:00,16,8
2015-11-04 00:25:00,14,7
2015-11-04 00:30:00,13,7
2015-11-04 00:35:00,11,7
2015-11-04 00:40:00,16,7
2015-11-04 00:45:00,9,6
2015-11-04 00:50:00,7,6
2015-11-04 00:55:00,11,6
2015-11-04 01:00:00,5,6
2015-11-04 01:05:00,8,6
2015-11-04 01:10:00,10,5
2015-11-04 01:15:00,14,5
2015-11-04 01:20:00,10,5
2015-11-04 01:25:00,8,5
2015-11-04 01:30:00,12,4
2015-11-04 01:35:00,6,4
2015-11-04 01:40:00,9,4
2015-11-04 01:45:00,9,4
2015-11-04 01:50:00,7,3
2015-11-04 01:55:00,9,3
2015-11-04 02:00:00,5,3
2015-11-04 02:05:00,7,2
2015-11-04 02:10:00,1,2
2015-11-04 02:15:00,4,2
2015-11-04 02:20:00,11,1
2015-11-04 02:25:00,10,1
2015-11-04 02:30:00,5,1
2015-11-04 02:35:00,11,0
2015-11-04 02:40:00,7,0
2015-11-04 02:45:00,4,0
2015-11-04 02:50:00,5,0
2015-11-04 02:55:00,3,0
2015-11-04 03:00:00,1,-1
2015-11-04 03:05:00,3,-1
2015-11-04 03:10:00,2,-1
2015-11-04 03:15:00,10,-1
2015-11-04 03:20:00,11,-2
2015-11-04 03:25:00,1,-2
2015-11-04 03:30:00,3,-2
2015-11-04 03:35:00,3,-2
2015-11-04 03:40:00,6,-2
2015-11-04 03:45:00,4,-2
2015-11-04 03:50:00,10,-2
2015-11-04 03:55:00,8,-2
2015-11-04 04:00:00,4,-2
2015-11-04 04:05:00,5,-2
2015-11-04 04:10:00,8,-2
2015-11-04 04:15:00,2,-2
2015-11-04 04:20:00,6,-1
2015-11-04 04:25:00,4,-1
2015-11-04 04:30:00,6,-1
2015-11-04 04:35:00,5,0
2015-11-04 04:40:00,17,0
2015-11-04 04:45:00,15,0
2015-11-04 04:50:00,22,1
2015-11-04 04:55:00,18,2
2015-11-04 05:00:00,12,2
2015-11-04 05:05:00,21,3
2015-11-04 05:10:00,13,4
2015-11-04 05:15:00,14,5
2015-11-04 05:20:00,11,6
2015-11-04 05:25:00,11,8
2015-11-04 05:30:00,20,9
2015-11-04 05:35:00,11,10
2015-11-04 05:40:00,8,11
2015-11-04 05:45:00,12,13
2015-11-04 05:50:00,18,14
2015-11-04 05:55:00,19,16
2015-11-04 06:00:00,26,17
2015-11-04 06:05:00,24,19
2015-11-04 06:10:00,30,20
2015-11-04 06:15:00,29,22
2015-11-04 06:20:00,32,23
2015-11-04 06:25:00,39,25
2015-11-04 06:30:00,26,27
2015-11-04 06:35:00,34,28
2015-11-04 06:40:00,35,30
2015-11-04 06:45:00,35,31
2015-11-04 06:50:00,43,33
2015-11-04 06:55:00,53,35
2015-11-04 07:00:00,40,36
2015-11-04 07:05:00,44,38
2015-11-04 07:10:00,61,39
2015-11-04 07:15:00,67,41
2015-11-04 07:20:00,51,42
2015-11-04 07:25:00,74,43
2015-11-04 07:30:00,64,45
2015-11-04 07:35:00,58,46
2015-11-04 07:40:00,92,47
2015-11-04 07:45:00,74,48
2015-11-04 07:50:00,64,49
2015-11-04 07:55:00,62,50
2015-11-04 08:00:00,74,51
2015-11-04 08:05:00,84,52
2015-11-04 08:10:00,50,52
2015-11-04 08:15:00,64,53
2015-11-04 08:20:00,66,54
2015-11-04 08:25:00,62,54
2015-11-04 08:30:00,64,54
2015-11-04 08:35:00,51,55
2015-11-04 08:40:00,60,55
2015-11-04 08:45:00,58,55
2015-11-04 08:50:00,46,55
2015-11-04 08:55:00,44,55
2015-11-04 09:00:00,41,55
2015-11-04 09:05:00,57,55
2015-11-04 09:10:00,58,55
2015-11-04 09:15:00,69,55
2015-11-04 09:20:00,68,54
2015-11-04 09:25:00,44,54
2015-11-04 09:30:00,54,54
2015-11-04 09:35:00,58,53
2015-11-04 09:40:00,52,53
2015-11-04 09:45:00,52,52
2015-11-04 09:50:00,47,52
2015-11-04 09:55:00,41,51
2015-11-04 10:00:00,54,50
2015-11-04 10:05:00,56,50
2015-11-04 10:10:00,52,49
2015-11-04 10:15:00,41,48
2015-11-04 10:20:00,61,48
2015-11-04 10:25:00,54,47
2015-11-04 10:30:00,40,46
2015-11-04 10:35:00,44,46
2015-11-04 10:40:00,42,45
2015-11-04 10:45:00,55,44
2015-11-04 10:50:00,39,44
2015-11-04 10:55:00,47,43
2015-11-04 11:00:00,39,42
2015-11-04 11:05:00,52,42
2015-11-04 11:10:00,38,41
2015-11-04 11:15:00,51,41
2015-11-04 11:20:00,51,40
2015-11-04 11:25:00,45,40
2015-11-04 11:30:00,39,39
2015-11-04 11:35:00,46,39
2015-11-04 11:40:00,35,39
2015-11-04 11:45:00,46,39
2015-11-04 11:50:00,43,38
2015-11-04 11:55:00,42,38
2015-11-04 12:00:00,44,38
2015-11-04 12:05:00,33,38
2015-11-04 12:10:00,47,38
2015-11-04 12:15:00,49,38
2015-11-04 12:20:00,29,38
2015-11-04 12:25:00,32,38
2015-11-04 12:30:00,36,38
2015-11-04 12:35:00,43,38
2015-11-04 12:40:00,60,38
2015-11-04 12:45:00,29,38
2015-11-04 12:50:00,45,39
2015-11-04 12:55:00,43,39
2015-11-04 13:00:00,46,39
2015-11-04 13:05:00,41,39
2015-11-04 13:10:00,33,40
2015-11-04 13:15:00,37,40
2015-11-04 13:20:00,66,40
2015-11-04 13:25:00,56,41
2015-11-04 13:30:00,43,41
2015-11-04 13:35:00,54,41
2015-11-04 13:40:00,54,41
2015-11-04 13:45:00,59,42
2015-11-04 13:50:00,47,42
2015-11-04 13:55:00,54,42
2015-11-04 14:00:00,41,43
2015-11-04 14:05:00,49,43
2015-11-04 14:10:00,49,43
2015-11-04 14:15:00,30,43
2015-11-04 14:20:00,39,44
2015-11-04 14:25:00,58,44
2015-11-04 14:30:00,46,44
2015-11-04 14:35:00,47,44
2015-11-04 14:40:00,37,44
2015-11-04 14:45:00,47,44
2015-11-04 14:50:00,33,45
2015-11-04 14:55:00,37,45
2015-11-04 15:00:00,45,45
2015-11-04 15:05:00,43,45
2015-11-04 15:10:00,45,45
2015-11-04 15:15:00,43,45
2015-11-04 15:20:00,44,45
2015-11-04 15:25:00,46,45
2015-11-04 15:30:00,46,45
2015-11-04 15:35:00,53,44
2015-11-04 15:40:00,56,44
2015-11-04 15:45:00,48,44
2015-11-04 15:50:00,50,44
2015-11-04 15:55:00,51,44
2015-11-04 16:00:00,54,44
2015-11-04 16:05:00,49,44
2015-11-04 16:10:00,42,44
2015-11-04 16:15:00,57,43
2015-11-04 16:20:00,59,43
2015-11-04 16:25:00,54,43
2015-11-04 16:30:00,47,43
2015-11-04 16:35:00,37,43
2015-11-04 16:40:00,53,43
2015-11-04 16:45:00,37,43
2015-11-04 16:50:00,40,43
2015-11-04 16:55:00,43,43
2015-11-04 17:00:00,40,42
2015-11-04 17:05:00,43,42
2015-11-04 17:10:00,52,42
2015-11-04 17:15:00,56,42
2015-11-04 17:20:00,72,42
2015-11-04 17:25:00,71,42
2015-11-04 17:30:00,73,42
2015-11-04 17:35:00,53,42
2015-11-04 17:40:00,83,42
2015-11-04 17:45:00,67,42
2015-11-04 17:50:00,72,42
2015-11-04 17:55:00,58,42
2015-11-04 18:00:00,51,42
2015-11-04 18:05:00,64,42
2015-11-04 18:10:00,83,42
2015-11-04 18:15:00,55,42
2015-11-04 18:20:00,43,42
2015-11-04 18:25:00,56,42
2015-11-04 18:30:00,56,42
2015-11-04 18:35:00,65,42
2015-11-04 18:40:00,65,42
2015-11-04 18:45:00,63,42
2015-11-04 18:50:00,56,42
2015-11-04 18:55:00,70,42
2015-11-04 19:00:00,60,42
2015-11-04 19:05:00,51,42
2015-11-04 19:10:00,76,42
2015-11-04 19:15:00,55,41
2015-11-04 19:20:00,46,41
2015-11-04 19:25:00,55,41
2015-11-04 19:30:00,46,41
2015-11-04 19:35:00,44,41
2015-11-04 19:40:00,51,40
2015-11-04 19:45:00,46,40
2015-11-04 19:50:00,41,40
2015-11-04 19:55:00,51,39
2015-11-04 20:00:00,38,39
2015-11-04 20:05:00,43,38
2015-11-04 20:10:00,54,38
2015-11-04 20:15:00,53,37
2015-11-04 20:20:00,40,37
2015-11-04 20:25:00,48,36
2015-11-04 20:30:00,39,35
2015-11-04 20:35:00,50,35
2015-11-04 20:40:00,34,34
2015-11-04 20:45:00,30,33
2015-11-04 20:50:00,50,32
2015-11-04 20:55:00,38,32
2015-11-04 21:00:00,40,31
2015-11-04 21:05:00,37,30
2015-11-04 21:10:00,30,29
2015-11-04 21:15:00,35,28
2015-11-04 21:20:00,30,27
2015-11-04 21:25:00,31,26
2015-11-04 21:30:00,25,26
2015-11-04 21:35:00,27,25
2015-11-04 21:40:00,21,24
2015-11-04 21:45:00,31,23
2015-11-04 21:50:00,33,22
2015-11-04 21:55:00,31,21
2015-11-04 22:00:00,26,20
2015-11-04 22:05:00,39,19
2015-11-04 22:10:00,28,18
2015-11-04 22:15:00,30,17
2015-11-04 22:20:00,22,17
2015-11-04 22:25:00,26,16
2015-11-04 22:30:00,17,15
2015-11-04 22:35:00,17,14
2015-11-04 22:40:00,29,13
2015-11-04 22:45:00,17,13
2015-11-04 22:50:00,18,12
2015-11-04 22:55:00,21,11
2015-11-04 23:00:00,16,11
2015-11-04 23:05:00,12,10
2015-11-04 23:10:00,26,9
2015-11-04 23:15:00,11,9
2015-11-04 23:20:00,20,8
2015-11-04 23:25:00,21,8
2015-11-04 23:30:00,13,7
2015-11-04 23:35:00,22,7
2015-11-04 23:40:00,21,6
2015-11-04 23:45:00,16,6
2015-11-04 23:50:00,15,5
2015-11-04 23:55:00,12,5
2015-11-05 00:00:00,15,5
2015-11-05 00:05:00,14,4
2015-11-05 00:10:00,13,4
2015-11-05 00:15:00,14,4
2015-11-05 00:20:00,21,4
2015-11-05 00:25:00,9,3
2015-11-05 00:30:00,10,3
2015-11-05 00:35:00,5,3
2015-11-05 00:40:00,5,3
2015-11-05 00:45:00,6,2
2015-11-05 00:50:00,7,2
2015-11-05 00:55:00,13,2
2015-11-05 01:00:00,9,2
2015-11-05 01:05:00,14,1
2015-11-05 01:10:00,15,1
2015-11-05 01:15:00,8,1
2015-11-05 01:20:00,7,1
2015-11-05 01:25:00,8,0
2015-11-05 01:30:00,8,0
2015-11-05 01:35:00,11,0
2015-11-05 01:40:00,7,0
2015-11-05 01:45:00,14,0
2015-11-05 01:50:00,4,0
2015-11-05 01:55:00,10,-1
2015-11-05 02:00:00,9,-1
2015-11-05 02:05:00,5,-1
2015-11-05 02:10:00,3,-2
2015-11-05 02:15:00,9,-2
2015-11-05 02:20:00,4,-2
2015-11-05 02:25:00,4,-3
2015-11-05 02:30:00,6,-3
2015-11-05 02:35:00,3,-4
2015-11-05 02:40:00,8,-4
2015-11-05 02:45:00,5,-4
2015-11-05 02:50:00,4,-5
2015-11-05 02:55:00,6,-5
2015-11-05 03:00:00,5,-5
2015-11-05 03:05:00,3,-6
2015-11-05 03:10:00,6,-6
2015-11-05 03:15:00,4,-6
2015-11-05 03:20:00,6,-7
2015-11-05 03:25:00,4,-7
2015-11-05 03:30:00,4,-7
2015-11-05 03:35:00,3,-7
2015-11-05 03:40:00,3,-7
2015-11-05 03:45:00,5,-7
2015-11-05 03:50:00,8,-8
2015-11-05 03:55:00,6,-8
2015-11-05 04:00:00,5,-7
2015-11-05 04:05:00,2,-7
2015-11-05 04:10:00,3,-7
2015-11-05 04:15:00,5,-7
2015-11-05 04:20:00,3,-7
2015-11-05 04:25:00,9,-6
2015-11-05 04:30:00,3,-6
2015-11-05 04:35:00,4,-6
2015-11-05 04:40:00,17,-5
2015-11-05 04:45:00,22,-4
2015-11-05 04:50:00,14,-4
2015-11-05 04:55:00,14,-3
2015-11-05 05:00:00,18,-2
2015-11-05 05:05:00,11,-1
2015-11-05 05:10:00,16,0
2015-11-05 05:15:00,11,0
2015-11-05 05:20:00,12,1
2015-11-05 05:25:00,15,2
2015-11-05 05:30:00,11,3
2015-11-05 05:35:00,13,4
2015-11-05 05:40:00,18,6
2015-11-05 05:45:00,21,7
2015-11-05 05:50:00,10,8
2015-11-05 05:55:00,16,10
2015-11-05 06:00:00,15,11
2015-11-05 06:05:00,14,13
2015-11-05 06:10:00,16,14
2015-11-05 06:15:00,25,16
2015-11-05 06:20:00,27,17
2015-11-05 06:25:00,27,19
2015-11-05 06:30:00,44,20
2015-11-05 06:35:00,50,22
2015-11-05 06:40:00,51,23
2015-11-05 06:45:00,44,25
2015-11-05 06:50:00,41,27
2015-11-05 06:55:00,44,28
2015-11-05 07:00:00,42,30
2015-11-05 07:05:00,54,31
2015-11-05 07:10:00,62,32
2015-11-05 07:15:00,60,34
2015-11-05 07:20:00,50,35
2015-11-05 07:25:00,64,36
2015-11-05 07:30:00,83,38
2015-11-05 07:35:00,90,39
2015-11-05 07:40:00,67,40
2015-11-05 07:45:00,66,41
2015-11-05 07:50:00,92,42
2015-11-05 07:55:00,82,43
2015-11-05 08:00:00,76,44
2015-11-05 08:05:00,77,44
2015-11-05 08:10:00,70,45
2015-11-05 08:15:00,65,46
2015-11-05 08:20:00,61,46
2015-11-05 08:25:00,62,47
2015-11-05 08:30:00,77,47
2015-11-05 08:35:00,70,47
2015-11-05 08:40:00,68,48
2015-11-05 08:45:00,62,48
2015-11-05 08:50:00,61,48
2015-11-05 08:55:00,67,48
2015-11-05 09:00:00,50,48
2015-11-05 09:05:00,61,47
2015-11-05 09:10:00,68,47
2015-11-05 09:15:00,70,47
2015-11-05 09:20:00,56,47
2015-11-05 09:25:00,59,46
2015-11-05 09:30:00,63,46
2015-11-05 09:35:00,59,45
2015-11-05 09:40:00,58,45
2015-11-05 09:45:00,54,44
2015-11-05 09:50:00,53,43
2015-11-05 09:55:00,60,43
2015-11-05 10:00:00,58,42
2015-11-05 10:05:00,50,41
2015-11-05 10:10:00,57,41
2015-11-05 10:15:00,52,40
2015-11-05 10:20:00,45,39
2015-11-05 10:25:00,55,38
2015-11-05 10:30:00,40,38
2015-11-05 10:35:00,46,37
2015-11-05 10:40:00,47,36
2015-11-05 10:45:00,44,35
2015-11-05 10:50:00,10,35
2015-11-05 10:55:00,29,34
2015-11-05 11:00:00,46,33
2015-11-05 11:05:00,29,33
2015-11-05 11:10:00,59,32
2015-11-05 11:15:00,39,32
2015-11-05 11:20:00,53,31
2015-11-05 11:25:00,47,31
2015-11-05 11:30:00,47,30
2015-11-05 11:35:00,44,30
2015-11-05 11:40:00,41,29
2015-11-05 11:45:00,43,29
2015-11-05 11:50:00,43,29
2015-11-05 11:55:00,50,29
2015-11-05 12:00:00,47,28
2015-11-05 12:05:00,38,28
2015-11-05 12:10:00,44,28
2015-11-05 12:15:00,37,28
2015-11-05 12:20:00,38,28
2015-11-05 12:25:00,39,28
2015-11-05 12:30:00,44,28
2015-11-05 12:35:00,40,28
2015-11-05 12:40:00,49,28
2015-11-05 12:45:00,24,28
2015-11-05 12:50:00,27,29
2015-11-05 12:55:00,46,29
2015-11-05 13:00:00,39,29
2015-11-05 13:05:00,41,29
2015-11-05 13:10:00,67,29
2015-11-05 13:15:00,44,30
2015-11-05 13:20:00,59,30
2015-11-05 13:25:00,32,30
2015-11-05 13:30:00,51,30
2015-11-05 13:35:00,46,31
2015-11-05 13:40:00,50,31
2015-11-05 13:45:00,47,31
2015-11-05 13:50:00,47,31
2015-11-05 13:55:00,54,32
2015-11-05 14:00:00,46,32
2015-11-05 14:05:00,54,32
2015-11-05 14:10:00,51,32
2015-11-05 14:15:00,58,32
2015-11-05 14:20:00,39,33
2015-11-05 14:25:00,60,33
2015-11-05 14:30:00,52,33
2015-11-05 14:35:00,44,33
2015-11-05 14:40:00,52,33
2015-11-05 14:45:00,49,33
2015-11-05 14:50:00,56,33
2015-11-05 14:55:00,62,33
2015-11-05 15:00:00,64,33
2015-11-05 15:05:00,36,33
2015-11-05 15:10:00,35,33
2015-11-05 15:15:00,49,33
2015-11-05 15:20:00,53,33
2015-11-05 15:25:00,47,33
2015-11-05 15:30:00,52,33
2015-11-05 15:35:00,44,33
2015-11-05 15:40:00,46,33
2015-11-05 15:45:00,43,32
2015-11-05 15:50:00,48,32
2015-11-05 15:55:00,52,32
2015-11-05 16:00:00,52,32
2015-11-05 16:05:00,61,32
2015-11-05 16:10:00,57,32
2015-11-05 16:15:00,54,31
2015-11-05 16:20:00,48,31
2015-11-05 16:25:00,57,31
2015-11-05 16:30:00,63,31
2015-11-05 16:35:00,41,31
2015-11-05 16:40:00,47,30
2015-11-05 16:45:00,64,30
2015-11-05 16:50:00,47,30
2015-11-05 16:55:00,60,30
2015-11-05 17:00:00,56,30
2015-11-05 17:05:00,46,30
2015-11-05 17:10:00,54,30
2015-11-05 17:15:00,48,29
2015-11-05 17:20:00,47,29
2015-11-05 17:25:00,63,29
2015-11-05 17:30:00,61,29
2015-11-05 17:35:00,60,29
2015-11-05 17:40:00,73,29
2015-11-05 17:45:00,68,29
2015-11-05 17:50:00,55,29
2015-11-05 17:55:00,62,29
2015-11-05 18:00:00,67,29
2015-11-05 18:05:00,74,29
2015-11-05 18:10:00,57,29
2015-11-05 18:15:00,53,29
2015-11-05 18:20:00,55,29
2015-11-05 18:25:00,60,29
2015-11-05 18:30:00,50,29
2015-11-05 18:35:00,60,29
2015-11-05 18:40:00,59,29
2015-11-05 18:45:00,56,28
2015-11-05 18:50:00,50,28
2015-11-05 18:55:00,47,28
2015-11-05 19:00:00,43,28
2015-11-05 19:05:00,47,28
2015-11-05 19:10:00,52,28
2015-11-05 19:15:00,48,28
2015-11-05 19:20:00,50,27
2015-11-05 19:25:00,50,27
2015-11-05 19:30:00,38,27
2015-11-05 19:35:00,46,27
2015-11-05 19:40:00,44,26
2015-11-05 19:45:00,56,26
2015-11-05 19:50:00,49,25
2015-11-05 19:55:00,41,25
2015-11-05 20:00:00,50,25
2015-11-05 20:05:00,40,24
2015-11-05 20:10:00,41,23
2015-11-05 20:15:00,39,23
2015-11-05 20:20:00,37,22
2015-11-05 20:25:00,47,22
2015-11-05 20:30:00,47,21
2015-11-05 20:35:00,43,20
2015-11-05 20:40:00,50,19
2015-11-05 20:45:00,43,19
2015-11-05 20:50:00,39,18
2015-11-05 20:55:00,38,17
2015-11-05 21:00:00,35,16
2015-11-05 21:05:00,38,15
2015-11-05 21:10:00,31,14
2015-11-05 21:15:00,43,14
2015-11-05 21:20:00,36,13
2015-11-05 21:25:00,32,12
2015-11-05 21:30:00,27,11
2015-11-05 21:35:00,39,10
2015-11-05 21:40:00,35,9
2015-11-05 21:45:00,31,8
2015-11-05 21:50:00,33,7
2015-11-05 21:55:00,37,6
2015-11-05 22:00:00,21,5
2015-11-05 22:05:00,27,4
2015-11-05 22:10:00,36,3
2015-11-05 22:15:00,26,2
2015-11-05 22:20:00,25,2
2015-11-05 22:25:00,27,1
2015-11-05 22:30:00,27,0
2015-11-05 22:35:00,18,0
2015-11-05 22:40:00,20,-1
2015-11-05 22:45:00,21,-2
2015-11-05 22:50:00,26,-2
2015-11-05 22:55:00,23,-3
2015-11-05 23:00:00,18,-4
2015-11-05 23:05:00,13,-4
2015-11-05 23:10:00,23,-5
2015-11-05 23:15:00,22,-6
2015-11-05 23:20:00,11,-6
2015-11-05 23:25:00,23,-7
2015-11-05 23:30:00,19,-7
2015-11-05 23:35:00,20,-8
2015-11-05 23:40:00,19,-8
2015-11-05 23:45:00,14,-9
2015-11-05 23:50:00,13,-9
2015-11-05 23:55:00,13,-9
2015-11-06 00:00:00,13,-10
2015-11-06 00:05:00,15,-10
2015-11-06 00:10:00,12,-10
2015-11-06 00:15:00,19,-11
2015-11-06 00:20:00,11,-11
2015-11-06 00:25:00,10,-11
2015-11-06 00:30:00,14,-12
2015-11-06 00:35:00,17,-12
2015-11-06 00:40:00,18,-12
2015-11-06 00:45:00,9,-12
2015-11-06 00:50:00,6,-13
2015-11-06 00:55:00,10,-13
2015-11-06 01:00:00,20,-13
2015-11-06 01:05:00,8,-13
2015-11-06 01:10:00,7,-14
2015-11-06 01:15:00,11,-14
2015-11-06 01:20:00,12,-14
2015-11-06 01:25:00,11,-14
2015-11-06 01:30:00,7,-15
2015-11-06 01:35:00,13,-15
2015-11-06 01:40:00,7,-15
2015-11-06 01:45:00,12,-16
2015-11-06 01:50:00,10,-16
2015-11-06 01:55:00,1,-16
2015-11-06 02:00:00,3,-17
2015-11-06 02:05:00,9,-17
2015-11-06 02:10:00,3,-17
2015-11-06 02:15:00,3,-18
2015-11-06 02:20:00,4,-18
2015-11-06 02:25:00,9,-19
2015-11-06 02:30:00,5,-19
2015-11-06 02:35:00,6,-19
2015-11-06 02:40:00,4,-20
2015-11-06 02:45:00,8,-20
2015-11-06 02:50:00,3,-20
2015-11-06 02:55:00,8,-21
2015-11-06 03:00:00,9,-21
2015-11-06 03:05:00,6,-22
2015-11-06 03:10:00,5,-22
2015-11-06 03:15:00,11,-22
2015-11-06 03:20:00,3,-22
2015-11-06 03:25:00,11,-23
2015-11-06 03:30:00,5,-23
2015-11-06 03:35:00,5,-23
2015-11-06 03:40:00,4,-23
2015-11-06 03:45:00,1,-23
2015-11-06 03:50:00,7,-23
2015-11-06 03:55:00,5,-23
2015-11-06 04:00:00,5,-23
2015-11-06 04:05:00,6,-23
2015-11-06 04:10:00,0,-23
2015-11-06 04:15:00,6,-23
2015-11-06 04:20:00,5,-22
2015-11-06 04:25:00,6,-22
2015-11-06 04:30:00,6,-22
2015-11-06 04:35:00,10,-21
2015-11-06 04:40:00,13,-21
2015-11-06 04:45:00,18,-20
2015-11-06 04:50:00,12,-19
2015-11-06 04:55:00,13,-19
2015-11-06 05:00:00,24,-18
2015-11-06 05:05:00,13,-17
2015-11-06 05:10:00,16,-16
2015-11-06 05:15:00,7,-15
2015-11-06 05:20:00,7,-14
2015-11-06 05:25:00,13,-13
2015-11-06 05:30:00,12,-12
2015-11-06 05:35:00,8,-10
2015-11-06 05:40:00,9,-9
2015-11-06 05:45:00,9,-8
2015-11-06 05:50:00,12,-6
2015-11-06 05:55:00,13,-5
2015-11-06 06:00:00,9,-3
2015-11-06 06:05:00,14,-2
2015-11-06 06:10:00,19,0
2015-11-06 06:15:00,28,0
2015-11-06 06:20:00,17,2
2015-11-06 06:25:00,24,3
2015-11-06 06:30:00,43,5
2015-11-06 06:35:00,29,7
2015-11-06 06:40:00,39,8
2015-11-06 06:45:00,45,10
2015-11-06 06:50:00,44,11
2015-11-06 06:55:00,50,13
2015-11-06 07:00:00,42,14
2015-11-06 07:05:00,44,16
2015-11-06 07:10:00,52,17
2015-11-06 07:15:00,54,19
2015-11-06 07:20:00,69,20
2015-11-06 07:25:00,69,21
2015-11-06 07:30:00,78,23
2015-11-06 07:35:00,76,24
2015-11-06 07:40:00,70,25
2015-11-06 07:45:00,90,26
2015-11-06 07:50:00,77,27
2015-11-06 07:55:00,64,28
2015-11-06 08:00:00,71,29
2015-11-06 08:05:00,70,30
2015-11-06 08:10:00,68,30
2015-11-06 08:15:00,72,31
2015-11-06 08:20:00,54,32
2015-11-06 08:25:00,56,32
2015-11-06 08:30:00,73,32
2015-11-06 08:35:00,63,33
2015-11-06 08:40:00,54,33
2015-11-06 08:45:00,51,33
2015-11-06 08:50:00,41,33
2015-11-06 08:55:00,58,33
2015-11-06 09:00:00,66,33
2015-11-06 09:05:00,66,33
2015-11-06 09:10:00,58,33
2015-11-06 09:15:00,60,33
2015-11-06 09:20:00,60,32
2015-11-06 09:25:00,64,32
2015-11-06 09:30:00,64,31
2015-11-06 09:35:00,62,31
2015-11-06 09:40:00,59,30
2015-11-06 09:45:00,42,30
2015-11-06 09:50:00,65,29
2015-11-06 09:55:00,61,29
2015-11-06 10:00:00,46,28
2015-11-06 10:05:00,43,27
2015-11-06 10:10:00,67,27
2015-11-06 10:15:00,55,26
2015-11-06 10:20:00,51,25
2015-11-06 10:25:00,63,25
2015-11-06 10:30:00,54,24
2015-11-06 10:35:00,43,23
2015-11-06 10:40:00,48,23
2015-11-06 10:45:00,54,22
2015-11-06 10:50:00,55,21
2015-11-06 10:55:00,50,21
2015-11-06 11:00:00,54,20
2015-11-06 11:05:00,54,19
2015-11-06 11:10:00,41,19
2015-11-06 11:15:00,53,18
2015-11-06 11:20:00,49,18
2015-11-06 11:25:00,54,17
2015-11-06 11:30:00,52,17
2015-11-06 11:35:00,36,17
2015-11-06 11:40:00,56,16
2015-11-06 11:45:00,46,16
2015-11-06 11:50:00,47,16
2015-11-06 11:55:00,50,16
2015-11-06 12:00:00,55,16
2015-11-06 12:05:00,46,16
2015-11-06 12:10:00,52,15
2015-11-06 12:15:00,50,15
2015-11-06 12:20:00,43,15
2015-11-06 12:25:00,43,16
2015-11-06 12:30:00,50,16
2015-11-06 12:35:00,39,16
2015-11-06 12:40:00,51,16
2015-11-06 12:45:00,33,16
2015-11-06 12:50:00,46,16
2015-11-06 12:55:00,41,17
2015-11-06 13:00:00,35,17
2015-11-06 13:05:00,50,17
2015-11-06 13:10:00,57,17
2015-11-06 13:15:00,50,18
2015-11-06 13:20:00,48,18
2015-11-06 13:25:00,51,18
2015-11-06 13:30:00,46,19
2015-11-06 13:35:00,52,19
2015-11-06 13:40:00,46,19
2015-11-06 13:45:00,50,20
2015-11-06 13:50:00,47,20
2015-11-06 13:55:00,67,20
2015-11-06 14:00:00,65,20
2015-11-06 14:05:00,45,21
2015-11-06 14:10:00,68,21
2015-11-06 14:15:00,48,21
2015-11-06 14:20:00,53,21
2015-11-06 14:25:00,60,22
2015-11-06 14:30:00,43,22
2015-11-06 14:35:00,55,22
2015-11-06 14:40:00,50,22
2015-11-06 14:45:00,47,22
2015-11-06 14:50:00,60,22
2015-11-06 14:55:00,40,22
2015-11-06 15:00:00,43,22
2015-11-06 15:05:00,62,23
2015-11-06 15:10:00,49,23
2015-11-06 15:15:00,49,23
2015-11-06 15:20:00,44,23
2015-11-06 15:25:00,55,23
2015-11-06 15:30:00,60,22
2015-11-06 15:35:00,44,22
2015-11-06 15:40:00,60,22
2015-11-06 15:45:00,45,22
2015-11-06 15:50:00,56,22
2015-11-06 15:55:00,48,22
2015-11-06 16:00:00,54,22
2015-11-06 16:05:00,63,22
2015-11-06 16:10:00,50,22
2015-11-06 16:15:00,58,22
2015-11-06 16:20:00,57,21
2015-11-06 16:25:00,51,21
2015-11-06 16:30:00,51,21
2015-11-06 16:35:00,54,21
2015-11-06 16:40:00,58,21
2015-11-06 16:45:00,44,21
2015-11-06 16:50:00,54,21
2015-11-06 16:55:00,46,21
2015-11-06 17:00:00,54,21
2015-11-06 17:05:00,51,21
2015-11-06 17:10:00,63,21
2015-11-06 17:15:00,55,21
2015-11-06 17:20:00,53,21
2015-11-06 17:25:00,51,21
2015-11-06 17:30:00,74,20
2015-11-06 17:35:00,63,20
2015-11-06 17:40:00,59,21
2015-11-06 17:45:00,60,21
2015-11-06 17:50:00,74,21
2015-11-06 17:55:00,65,21
2015-11-06 18:00:00,44,21
2015-11-06 18:05:00,61,21
2015-11-06 18:10:00,61,21
2015-11-06 18:15:00,58,21
2015-11-06 18:20:00,38,21
2015-11-06 18:25:00,58,21
2015-11-06 18:30:00,50,21
2015-11-06 18:35:00,60,21
2015-11-06 18:40:00,65,21
2015-11-06 18:45:00,46,21
2015-11-06 18:50:00,63,21
2015-11-06 18:55:00,50,21
2015-11-06 19:00:00,57,21
2015-11-06 19:05:00,51,21
2015-11-06 19:10:00,53,21
2015-11-06 19:15:00,48,20
2015-11-06 19:20:00,50,20
2015-11-06 19:25:00,59,20
2015-11-06 19:30:00,42,20
2015-11-06 19:35:00,40,20
2015-11-06 19:40:00,54,19
2015-11-06 19:45:00,46,19
2015-11-06 19:50:00,51,19
2015-11-06 19:55:00,57,18
2015-11-06 20:00:00,27,18
2015-11-06 20:05:00,45,17
2015-11-06 20:10:00,50,17
2015-11-06 20:15:00,46,16
2015-11-06 20:20:00,44,16
2015-11-06 20:25:00,47,15
2015-11-06 20:30:00,52,15
2015-11-06 20:35:00,53,14
2015-11-06 20:40:00,37,13
2015-11-06 20:45:00,40,13
2015-11-06 20:50:00,42,12
2015-11-06 20:55:00,45,11
2015-11-06 21:00:00,40,10
2015-11-06 21:05:00,42,10
2015-11-06 21:10:00,45,9
2015-11-06 21:15:00,36,8
2015-11-06 21:20:00,43,7
2015-11-06 21:25:00,35,6
2015-11-06 21:30:00,38,5
2015-11-06 21:35:00,38,5
2015-11-06 21:40:00,39,4
2015-11-06 21:45:00,38,3
2015-11-06 21:50:00,43,2
2015-11-06 21:55:00,36,1
2015-11-06 22:00:00,42,0
2015-11-06 22:05:00,38,0
2015-11-06 22:10:00,30,-1
2015-11-06 22:15:00,39,-1
2015-11-06 22:20:00,27,-2
2015-11-06 22:25:00,30,-3
2015-11-06 22:30:00,29,-4
2015-11-06 22:35:00,26,-5
2015-11-06 22:40:00,32,-5
2015-11-06 22:45:00,25,-6
2015-11-06 22:50:00,30,-7
2015-11-06 22:55:00,25,-7
2015-11-06 23:00:00,14,-8
2015-11-06 23:05:00,26,-8
2015-11-06 23:10:00,26,-9
2015-11-06 23:15:00,33,-10
2015-11-06 23:20:00,18,-10
2015-11-06 23:25:00,17,-11
2015-11-06 23:30:00,26,-11
2015-11-06 23:35:00,23,-11
2015-11-06 23:40:00,25,-12
2015-11-06 23:45:00,16,-12
2015-11-06 23:50:00,18,-13
2015-11-06 23:55:00,25,-13
